<?xml version="1.0" encoding="UTF-8" ?>
<class name="AnimationNodeTimeSeek" inherits="AnimationNode" version="3.2">
	<brief_description>
		A time-seeking animation node to be used with [AnimationTree].
	</brief_description>
	<description>
		This node can be used to cause a seek command to happen to any sub-children of the graph. After setting the time, this value returns to -1.
	</description>
	<tutorials>
		<link>https://docs.godotengine.org/en/latest/tutorials/animation/animation_tree.html</link>
	</tutorials>
	<methods>
	</methods>
	<constants>
	</constants>
</class>
