<?xml version="1.0" encoding="UTF-8" ?>
<class name="CanvasModulate" inherits="Node2D" version="3.2">
	<brief_description>
		Tint the entire canvas.
	</brief_description>
	<description>
		[CanvasModulate] tints the canvas elements using its assigned [member color].
	</description>
	<tutorials>
	</tutorials>
	<methods>
	</methods>
	<members>
		<member name="color" type="Color" setter="set_color" getter="get_color" default="Color( 1, 1, 1, 1 )">
			The tint color to apply.
		</member>
	</members>
	<constants>
	</constants>
</class>
