<?xml version="1.0" encoding="UTF-8" ?>
<class name="EditorResourceConversionPlugin" inherits="Reference" version="3.2">
	<brief_description>
	</brief_description>
	<description>
	</description>
	<tutorials>
	</tutorials>
	<methods>
		<method name="_convert" qualifiers="virtual">
			<return type="Resource">
			</return>
			<argument index="0" name="resource" type="Resource">
			</argument>
			<description>
			</description>
		</method>
		<method name="_converts_to" qualifiers="virtual">
			<return type="String">
			</return>
			<description>
			</description>
		</method>
	</methods>
	<constants>
	</constants>
</class>
